Mã CK,Trần,Sàn,TC,Giá 3 dư mua,KL 3 dư mua,Giá 2 dư mua,KL 2 dư mua,Giá 1 dư mua,KL 1 dư mua,+/-,%,Giá,KL,Tổng KL,Giá 1 dư bán,KL 1 dư bán,Giá 2 dư bán,KL 2 dư bán,Giá 3 dư bán,KL 3 dư bán,Mở,Cao,Thấp,NN Mua,NN Bán,Room NN
AAA,16.4,14.3,15.15,15.2,12680,15.25,3780,15.3,2380,0.2,1.32,15.35,3310,460850,15.35,6580,15.4,11170,15.45,7820,15.35,15.45,15.1,1970,8820,21601450
AAM,10.95,9.54,10.25,9.7,200,9.8,10,10.2,10,,,10.25,30,70,10.25,10,10.7,30,10.75,30,,10.25,10.25,,,593231
AAT,21.15,18.45,19.5,19.45,4100,19.5,500,19.6,550,0.3,1.54,19.8,1600,59400,19.8,6270,19.85,700,19.9,5580,19.8,19.9,19,10,,1702710
ABS,46.35,40.35,40.55,43.1,100,43.3,770,43.35,2590,2.8,6.91,43.35,200,17420,,,,,,,,43.35,43.3,,,
ACB,41.6,36.2,38.2,38.8,27660,38.85,51750,38.9,210,0.7,1.83,38.9,12190,941600,38.95,34230,39,110640,39.05,1590,38.9,38.9,38.05,48000,48000,
ACC,15.5,13.5,14.45,14.35,150,14.4,500,14.5,30,0.05,0.35,14.5,100,2240,14.7,50,14.75,150,14.8,600,,14.7,14.3,,,1102087
ACL,12.5,10.9,11.7,11.6,490,11.65,110,11.7,430,,,11.7,90,3050,11.8,180,11.9,540,11.95,180,,11.9,11.6,,,1829432
ADG,54,47,50.5,50.3,240,50.4,130,50.5,210,,,50.5,50,6710,50.8,290,50.9,330,51,960,,50.8,50.5,10,70,415597
ADS,23.9,20.8,20.9,22.25,100,22.3,150,22.35,23560,1.45,6.94,22.35,100,116680,,,,,,,22.35,22.35,20.7,1720,30,1363762
AGG,51.8,45.1,48.7,48.3,2550,48.4,3110,48.45,320,-0.25,-0.51,48.45,10100,240740,48.6,3530,48.65,2200,48.7,2430,48.45,48.9,48.3,40,2820,3595919
AGM,34.95,30.45,31,31.1,100,31.2,200,31.5,20,1.7,5.48,32.7,60,77020,33,1030,33.05,100,33.1,1000,,32.8,28.9,100,,775293
AGR,12.7,11.1,11.45,11.75,2710,11.8,4160,11.85,4990,0.45,3.93,11.9,160,236250,11.9,9150,11.95,15110,12,34470,11.9,11.95,11.25,10730,310,10310422
AMD,6.15,5.35,5.4,5.72,3860,5.74,190,5.75,260,0.35,6.48,5.75,1150,786540,5.76,20660,5.77,82560,,,5.75,5.76,5.32,53370,1110,7826460
ANV,26.4,23,24,24.5,300,24.6,50,24.65,30,0.7,2.92,24.7,150,38600,24.7,210,24.8,540,24.85,10,,24.9,23.4,1270,10,6108166
APC,22.75,19.85,21.4,20.85,20,20.9,560,21,520,-0.1,-0.47,21.3,10,3690,21.4,10,21.6,30,21.9,10,,21.5,20.8,,580,673675
APG,9.68,8.42,9,9,110,9.01,220,9.02,100,0.05,0.56,9.05,100,121950,9.05,2760,9.06,550,9.07,880,,9.06,8.82,490,1060,3390065
APH,75.4,65.6,67.8,70.3,2110,70.4,1220,70.5,710,2.7,3.98,70.5,1500,313490,70.7,530,70.8,1270,70.9,970,70.5,71,68,6430,110,13287673
ASM,13.85,12.05,12.85,12.8,16100,12.85,4000,12.9,2810,0.1,0.78,12.95,20,149790,12.95,1810,13,12160,13.05,890,12.95,13,12.7,1620,50,12416479
ASP,7.26,6.32,6.8,6.69,10,6.7,190,6.75,100,-0.01,-0.15,6.79,10,2540,6.79,190,6.8,950,6.81,30,6.79,6.8,6.66,,,6
AST,50.2,43.75,46.5,46.85,50,46.9,540,46.95,50,0.5,1.08,47,40,4360,47,290,47.1,20,48.4,280,,48.5,46.5,,3060,245717
BCE,12.05,10.55,11.2,11.1,800,11.15,350,11.2,1650,0.1,0.89,11.3,10,6110,11.3,190,11.35,1300,11.4,880,11.3,11.35,11.1,20,120,1644778
BCG,13.35,11.65,12.4,12.35,5220,12.4,10850,12.45,2060,0.1,0.81,12.5,10,84770,12.5,1010,12.55,1150,12.6,8470,12.5,12.55,12.35,4440,480,5664989
BCM,57.7,50.3,53.5,53.4,310,53.5,200,53.7,10,0.5,0.93,54,20,390,54,290,54.2,30,54.4,460,,54,53,,,48632324
BFC,27.45,23.95,25.6,25.5,810,25.55,100,25.65,50,0.1,0.39,25.7,50,45570,25.7,140,25.8,320,25.9,600,25.7,25.95,25.2,470,1060,2592283
BHN,67.1,58.5,61.5,60.8,20,61,20,61.1,10,1.3,2.11,62.8,20,620,63,490,64,10,65.8,1150,,65.8,60.4,,160,7315633
BIC,21.65,18.85,20.1,20.1,1100,20.15,1010,20.25,20,0.15,0.75,20.25,10,5760,20.3,1410,20.35,110,20.4,780,,20.3,20.05,,1740,340466
BID,50.4,43.85,45.4,47,5330,47.05,280,47.1,2840,1.75,3.85,47.15,350,785700,47.15,280,47.25,40,47.3,90,47.15,47.7,44.9,23950,6060,53662869
BKG,11.85,10.35,11.05,10.95,50,11,3550,11.05,180,0.05,0.45,11.1,40,13590,11.1,570,11.15,150,11.2,480,,11.3,11,,200,1564040
BMC,16.15,14.05,14.8,14.8,2710,14.85,130,15,40,0.3,2.03,15.1,100,7280,15.1,160,15.15,150,15.2,220,,15.1,14.7,2830,340,480846
BMI,36.1,31.4,33.6,33.65,250,33.7,1100,33.75,1670,0.15,0.45,33.75,1210,61090,33.9,90,34,3110,34.05,300,33.75,34.1,33.15,910,1010,1422442
BMP,62.7,54.5,57.8,57.8,430,57.9,210,58,90,0.8,1.38,58.6,1000,8590,58.5,210,58.6,70,58.7,270,,58.6,57.8,7120,320,1452469
BRC,13.9,12.1,13,12.85,130,12.9,170,13,30,,,13,10,190,13.1,10,13.2,640,13.3,70,,13.1,12.8,,,600782
BTP,18.7,16.3,16.4,16.75,10,16.8,20,16.85,10,1.1,6.71,17.5,10,14540,,,,,,,,17.5,17.3,,20,2378492
BTT,54.5,47.45,51,48,200,49,110,50,50,,,,,,52.5,100,53,100,54,40,,,,,,602275
BVH,59.3,51.7,56.1,55.3,1980,55.4,160,55.5,240,-0.6,-1.07,55.5,80,49930,55.6,200,55.7,230,55.8,460,,56.1,55.2,6690,17930,15992096
BWE,32,27.9,29.4,29.75,1000,29.8,1100,29.85,340,0.55,1.87,29.95,10,31680,30,4670,30.05,1660,30.1,2280,,30,29.4,1310,990,6272268
C32,27.15,23.65,25.3,25.3,2580,25.35,570,25.4,320,0.1,0.4,25.4,500,2670,25.45,1000,25.5,2240,25.6,2010,,25.9,25.3,,160,521150
C47,12,10.5,11.2,11.05,430,11.1,160,11.2,120,0.05,0.45,11.25,30,6180,11.25,210,11.3,840,11.35,20,11.25,11.45,10.85,,750,909842
CCI,16.75,14.65,15.6,15.25,20,15.5,300,15.6,320,0.1,0.64,15.7,170,390,16.2,50,16.25,40,16.3,110,,15.7,15.55,,,
CCL,13.65,11.95,12.95,12.65,130,12.7,5940,12.75,2720,-0.15,-1.16,12.8,50,24270,12.8,130,12.9,2310,12.95,240,,13,12.75,,1270,2260200
CDC,15.35,13.35,14.4,14.1,80,14.15,20,14.3,30,-0.05,-0.35,14.35,50,1230,14.35,50,14.4,370,14.7,430,,14.4,14,,,1068524
CEE,16.5,14.4,15.45,,,,,14.7,50,,,,,,16.1,20,16.2,90,16.3,90,,,,,,2033265
CHP,19.75,17.25,18.5,18.3,1180,18.35,1120,18.4,80,,,18.5,150,2290,18.55,110,18.6,310,18.65,110,,18.55,18.35,10,,6637530
CIG,6.95,6.05,6.6,,,6.14,200,6.15,500,-0.1,-1.52,6.5,100,1760,6.5,1310,6.6,270,6.7,50,6.5,6.5,6.14,,,1544602
CII,21.5,18.7,20.2,19.95,2600,20,5320,20.05,2000,-0.1,-0.5,20.1,710,152440,20.1,3290,20.15,3140,20.2,4560,20.1,20.2,19.8,1010,30230,11892162
CKG,18.15,15.85,16.85,16.85,2760,16.9,1280,16.95,100,0.15,0.89,17,100,161340,17,3770,17.05,240,17.1,1110,,17,16.6,5470,1430,3857767
CLC,38.35,33.35,36,35.7,500,35.8,550,35.85,120,-0.15,-0.42,35.85,540,910,36.8,50,36.9,280,37,230,,36.9,35.85,,,1228964
CLL,33.8,29.4,31,30.6,60,30.7,50,31.6,40,0.6,1.94,31.6,40,340,31.7,20,31.8,50,32,100,31.6,31.6,30.8,260,,1415083
CLW,31.2,27.2,31.3,,,,,29.2,20,-2.1,-6.71,29.2,10,10,,,,,,,,29.2,29.2,,,574771
CMG,40.45,35.25,36.1,37.25,10,37.3,10,37.4,50,1.75,4.85,37.85,20,18030,37.8,270,37.85,570,37.9,1420,,38.1,35.8,10570,2990,1086718
CMV,17.3,15.1,16.2,,,,,,,,,16.2,10,10,16.25,40,16.3,80,16.35,270,,16.2,16.2,,,590525
CMX,14.85,12.95,13.8,13.8,930,13.85,1000,13.9,850,0.1,0.72,13.9,20,18660,13.95,380,14,1920,14.05,470,,14,13.7,270,750,883344
CNG,23.25,20.25,21.35,21.6,210,21.65,50,21.7,250,0.4,1.87,21.75,50,5370,21.8,100,21.85,130,21.9,50,,21.8,21.35,20,950,1199923
COM,48.85,42.55,45.7,,,,,42.55,20,,,,,,48.85,70,,,,,,,,,,686198
CRC,10.2,8.88,9.65,9.4,60,9.5,590,9.52,230,-0.11,-1.14,9.54,10,17510,9.54,160,9.55,20,9.6,590,,10,9.54,,270,724943
CRE,44.15,38.45,41.2,41.2,2240,41.25,520,41.3,2680,0.1,0.24,41.3,1030,92880,41.35,2040,41.4,1660,41.45,580,41.3,41.5,41.05,230,630,4389144
CSM,18.4,16,17.6,17.1,1020,17.15,1430,17.2,120,-0.4,-2.27,17.2,200,4100,17.5,3640,17.7,360,17.75,10,,17.6,17.15,,,4980588
CSV,29.1,25.3,26.9,26.9,80,26.95,10,27,450,0.3,1.12,27.2,370,15260,27.2,590,27.25,2200,27.3,2370,,27.2,26.7,,900,1565293
CTD,63.2,55,57.9,58.9,230,59,440,59.1,1850,1.2,2.07,59.1,520,54690,59.2,190,59.3,570,59.4,1560,,59.5,57.1,670,2860,342180
CTF,21.7,18.9,19.95,19.6,20,19.7,310,20,10,0.35,1.75,20.3,10,24060,20.3,380,20.4,350,20.5,10,20.3,20.3,19.65,,,3343443
CTG,54.7,47.65,50.2,50.9,9710,51,20300,51.1,400,1,1.99,51.2,1390,1690870,51.2,7060,51.3,5790,51.4,15320,51.2,51.3,50.1,80660,104890,17612937
CTI,15.7,13.7,14.4,14.4,1340,14.45,340,14.5,1750,0.3,2.08,14.7,1090,71380,14.7,770,14.75,100,14.8,180,14.7,14.7,14.15,2040,150,3011149
CTS,19.05,16.65,16.7,17.75,1660,17.8,1540,17.85,62500,1.15,6.89,17.85,10,300260,,,,,,,,17.85,16.5,3480,680,4991874
CVT,43.3,37.7,39.95,38.5,100,38.6,110,38.9,30,0.55,1.38,40.5,500,2100,40,10,40.4,200,40.5,420,,40.5,38,,500,3636531
D2D,54.8,47.75,51,50.9,1020,51,150,51.3,360,0.3,0.59,51.3,140,21620,51.5,1680,51.6,280,51.7,780,51.3,51.7,50.4,20,1310,1415667
DAG,6.19,5.39,5.8,5.75,2720,5.76,150,5.77,410,-0.01,-0.17,5.79,80,23410,5.79,420,5.8,2650,5.81,100,,5.82,5.75,300,2200,2066206
DAH,10.25,8.92,9.39,8.81,200,8.82,200,8.9,620,0.2,2.13,9.59,10,19730,9.59,870,9.6,1000,9.8,1610,9.59,9.59,8.9,70,380,1653123
DAT,25.65,22.35,24,,,,,23,10,,,24,10,10,24,60,24.95,60,25,100,,24,24,,,2254216
DBC,61.7,53.7,54,57.5,650,57.6,1120,57.7,53850,3.7,6.85,57.7,530,286570,,,,,,,57.7,57.7,54.8,120,1020,4873197
DBD,49.1,42.7,45.7,45.3,710,45.4,40,45.5,20,0.2,0.44,45.9,50,1580,45.9,100,45.95,10,46,850,45.9,45.9,45.3,,,5232877
DBT,13.65,11.95,12.8,12.35,80,12.6,30,12.7,30,,,12.8,60,710,12.9,100,13,2200,13.05,30,,12.9,12.8,,,
DC4,16.95,14.75,16,15.5,70,15.6,10,15.7,10,-0.15,-0.94,15.85,110,1520,15.85,240,15.9,190,15.95,150,,16,15.5,,,1564620
DCL,51.2,44.55,46.2,46.2,2010,46.6,1600,47,1290,1.7,3.68,47.9,300,84850,47.75,200,47.8,500,47.9,380,,48,43,1600,490,1708174
DCM,18.15,15.85,17,16.9,8080,16.95,2140,17,2090,,,17,1000,353740,17.05,10060,17.1,5750,17.15,510,17,17.3,16.6,570,2150,24229784
DGC,76.1,66.3,71.5,70.8,2350,70.9,510,71,710,-0.3,-0.42,71.2,50,69560,71.2,10,71.3,400,71.4,350,,71.5,70.4,4340,3050,6716891
DGW,135.8,118.2,133,126.1,410,126.2,20,126.3,40,-6,-4.51,127,80,64830,127,310,127.2,30,127.3,30,,133,126.5,5970,9260,894376
DHA,47.2,41.1,44,43.7,320,43.8,100,44,170,0.15,0.34,44.15,100,1050,44.15,170,44.2,250,44.4,50,,44.15,44,,890,551602
DHC,108.8,94.6,100.8,100.7,20,100.8,810,101.6,20,0.9,0.89,101.7,100,8420,101.9,900,102,70,102.5,840,,102.5,100.2,650,230,930627
DHG,100.6,87.6,95,93.8,50,94,1370,94.1,320,-0.9,-0.95,94.1,160,3370,94.8,30,94.9,30,95,90,,95,94,910,1000,5947350
DHM,10.65,9.28,9.93,9.94,340,9.95,420,9.96,200,0.04,0.4,9.97,250,57440,9.97,420,9.98,750,9.99,390,,9.98,9.92,,1030,1488242
DIG,33.65,29.25,31,31.35,6970,31.4,8720,31.45,20,0.45,1.45,31.45,10,530900,31.5,8140,31.55,5860,31.6,7550,31.45,31.9,31.15,37870,100,16249411
DLG,3.03,2.65,2.79,2.79,2030,2.8,1880,2.81,420,0.05,1.79,2.84,10,727280,2.84,130,2.85,13130,2.86,1590,2.84,2.84,2.72,20510,21820,13788954
DMC,49.75,43.25,46.5,46.25,10,46.3,260,46.4,130,,,46.5,60,1880,46.95,600,47,480,47.05,250,,47,46.15,150,60,1478516
DPG,41.35,35.95,38.5,38.55,2530,38.6,2140,38.65,60,0.15,0.39,38.65,200,56120,38.7,530,38.8,220,38.9,590,,39,38.3,770,,2183402
DPM,20.3,17.7,18.5,18.85,460,18.9,4850,18.95,290,0.5,2.7,19,500,164160,19,7970,19.05,5100,19.1,6770,19,19.15,18.4,8800,790,13427962
DPR,53.5,46.5,50.4,49.6,300,49.8,200,49.9,210,-0.4,-0.79,50,200,820,50.3,600,50.4,80,50.5,130,,50.3,49.1,,,1617847
DQC,21.5,18.7,20,18.8,20,19,170,19.05,50,0.1,0.5,20.1,100,3580,20.1,390,20.3,10,20.4,100,,20.5,19,30,90,1646889
DRC,29.55,25.75,27.5,27.55,200,27.6,2190,27.65,5270,0.15,0.55,27.65,10,98060,27.7,760,27.75,180,27.8,4340,27.65,27.9,27.3,120,2450,4920726
DRH,10.6,9.26,9.9,9.76,460,9.78,60,9.91,60,0.05,0.51,9.95,180,86580,9.95,880,9.99,1000,10,860,9.95,9.95,9.65,300,3710,2870787
DRL,61.8,53.8,56.6,56.4,50,56.6,20,56.7,130,1.2,2.12,57.8,30,40,57.5,30,57.6,100,57.7,20,,57.8,57.8,,,455433
DSN,43.85,38.15,41,40.65,50,40.7,220,40.75,150,,,41,50,1070,41,310,41.5,120,41.7,20,,41.1,40.7,70,,348524
DTA,10.25,8.92,9.8,9.3,20,9.5,410,9.51,250,-0.21,-2.14,9.59,200,12940,9.6,270,9.7,100,9.79,100,,9.8,9.59,,,883535
DTL,35.3,30.7,32.2,31.8,500,32.2,120,32.5,540,0.8,2.48,33,900,1010,33,20,34,110,34.45,1010,,33,32.2,,,3010072
DTTD,14.4,12.6,13.5,,,11.95,10,13.5,470,,,13.5,100,100,,,,,,,,13.5,13.5,,,397999
DVP,49.85,43.35,46.5,46.2,250,46.25,250,46.3,650,0.1,0.22,46.6,10,9020,46.6,730,46.7,350,46.85,300,,47.05,46.3,270,3300,1437809
DXG,28.95,25.25,27,26.95,6770,27,14440,27.05,5200,0.1,0.37,27.1,220,889250,27.1,16690,27.15,4580,27.2,15820,27.1,27.5,26.8,62830,67140,8340261
DXV,5.18,4.52,4.8,4.66,100,4.67,10,4.8,20,0.05,1.04,4.85,10,660,4.85,1660,4.9,20,5,160,,4.85,4.61,,10,480215
E1VFVN30,26.19,22.77,24.36,24.43,10,24.44,1500,24.46,30,0.12,0.49,24.48,30,74470,24.48,310,24.5,3210,24.55,100,,24.5,24.1,182200,40260,984108
EIB,34.1,29.7,30.65,31.6,80,31.65,20,31.7,180,1.25,4.08,31.9,10,194960,31.9,3040,31.95,4450,32,5430,31.9,32.1,30.4,2970,170,202714
ELC,13.8,12,12.8,12.8,10480,12.85,1640,12.9,320,0.1,0.78,12.9,200,30250,13,3640,13.05,3590,13.1,6250,,13.05,12.8,,1340,1901739
EMC,21.4,18.6,20,,,18.6,10,19,100,,,,,,20,40,,,,,,,,,,749007
EVE,14.75,12.85,13.4,12.9,300,13,340,13.15,100,0.4,2.99,13.8,130,3940,13.8,490,13.85,1340,13.9,50,,13.85,13,410,500,1388671
EVG,11.75,10.25,10.9,10.5,4510,10.55,510,10.6,50,0.1,0.92,11,10,30270,11,1150,11.1,160,11.15,370,11,11,10.6,,60,5081088
FCM,6.98,6.08,6.7,6.5,20,6.51,10,6.53,110,-0.17,-2.54,6.53,20,610,6.7,240,6.73,510,6.74,1100,,6.75,6.42,,,1923958
FCN,11.8,10.3,11.1,10.9,9230,10.95,9890,11,2480,-0.05,-0.45,11.05,20,133720,11.05,13580,11.1,11680,11.15,5610,11.05,11.15,10.95,50,24430,5335232
FDC,12.85,11.25,12.05,11.6,10,11.7,100,11.8,10,,,12.05,50,230,12.45,20,12.5,50,12.8,20,,12.05,11.3,,,1891453
FIR,34.2,29.8,31.9,31.9,1270,31.95,730,32,350,0.1,0.31,32,110,18980,32.1,130,32.2,320,32.3,240,32,32.1,31.6,470,,1299027
FIT,15.15,13.25,14,14,20580,14.05,2010,14.15,5670,0.2,1.43,14.2,320,986360,14.2,19050,14.25,9680,14.3,10420,14.2,14.25,13.6,12390,1020,12055377
FLC,13,11.3,11.4,12.05,212430,12.1,157640,12.15,1178720,0.75,6.58,12.15,70,2935910,,,,,,,12.15,12.15,11.3,46110,2110,33463397
FMC,35.75,31.15,33.45,33.05,280,33.1,100,33.15,100,,,33.45,240,39100,33.45,60,33.5,580,33.55,240,,33.6,33,810,340,2453821
FPT,101.4,88.2,93.8,94.4,120,94.5,1360,94.6,510,1,1.07,94.8,200,187430,94.8,800,94.9,1360,95,16070,94.8,95,93.7,100,,5
FRT,26.85,23.35,25.1,24.8,6230,24.85,3240,24.9,70,,,25.1,100,106970,25.1,760,25.15,240,25.2,330,25.1,25.3,24.8,2840,880,2771372
FTM,2.83,2.47,2.48,2.62,780,2.64,170,2.65,11090,0.17,6.85,2.65,50,67750,,,,,,,,2.65,2.48,400,,2428257
FTSA,27.9,24.3,27.8,29.05,1000,29.1,320,29.15,100,1.4,5.04,29.2,120,50090,29.2,40,29.25,190,29.3,1290,29.2,29.4,27.7,1660,300,10320920
FUCTVGF2,14.95,13.05,14.7,,,,,,,-0.7,-4.76,14,20,20,14.3,10,14.7,120,,,14,14,14,,,808567
FUCVREIT,12.7,11.1,12.75,,,,,,,-0.85,-6.67,11.9,50,3310,11.9,120,12.35,20,12.45,320,,11.95,11.9,50,,242661
FUEMAV30,18.21,15.83,16.83,16.8,100,16.86,40,17,420,0.19,1.13,17.02,10,400,17.1,90,17.2,10,17.3,100,,17.14,16.8,150,130,190842
FUESSV30,19.32,16.8,17.6,17.94,10,17.96,10,18,100,0.46,2.61,18.06,20,220,18.06,10,18.07,10,18.1,30,,18.06,17.62,140,130,295928
FUESSV50,22.36,19.44,20.5,20.31,410,20.4,180,20.7,870,0.4,1.95,20.9,800,5110,20.9,1380,21,2000,21.1,1200,,20.9,20.31,220,650,401885
FUESSVFL,23.17,20.15,21.34,21.55,50,21.57,10,21.58,20,0.32,1.5,21.66,10,9150,21.68,10,21.69,10,21.7,560,,21.66,21.1,5670,190,259530
FUEVFVND,26.07,22.67,24.28,24.3,910,24.34,70,24.35,100,0.09,0.37,24.37,20,158470,24.37,2840,24.4,130,24.42,10,,24.89,23.95,122900,83400,485670
FUEVN100,19.57,17.01,17.95,18.15,10,18.16,10,18.23,150,0.34,1.89,18.29,10,4310,18.32,120,18.33,10,18.35,10,,18.29,18.01,3620,3540,192967
GAB,207.1,180.1,193.7,193.1,120,193.2,160,193.4,90,-0.1,-0.05,193.6,20,30,193.6,40,193.7,20,193.9,50,,193.7,193.6,,20,668028
GAS,87.7,76.3,80.1,81.7,20,81.8,610,81.9,1150,1.9,2.37,82,150,65540,82,220,82.1,290,82.2,880,82,82.4,80.5,6430,210,89118481
GDT,54.4,47.35,50.8,50.6,490,50.7,130,50.8,150,0.1,0.2,50.9,20,16510,50.9,960,51,30,51.1,1000,,50.9,50,,330,594794
GEG,16.65,14.55,15.8,15.5,10050,15.55,3400,15.6,250,-0.2,-1.27,15.6,50,62530,15.65,840,15.7,540,15.75,510,,15.7,15.5,40,34590,3116180
GEX,28.7,25,26.9,26.65,160,26.7,5460,26.75,790,-0.05,-0.19,26.85,140,445980,26.85,850,26.9,18240,26.95,10710,26.85,27.2,26.6,100,2420,17723426
GIL,63.6,55.4,58.5,58.6,250,58.7,950,59.5,380,1,1.71,59.5,670,39610,59.6,690,59.7,850,59.8,1400,59.5,59.8,58.1,1150,300,1542686
GMC,39.55,34.45,37.5,36.5,1000,36.8,540,36.9,500,-0.5,-1.33,37,10,2540,38.4,120,38.5,1490,39,370,,37,34.9,10,1000,1217423
GMD,40.3,35.1,36.9,37.55,4230,37.6,570,37.65,450,0.8,2.17,37.7,50,260110,37.7,2670,37.75,190,37.8,2610,,38,36.8,24100,6030,2671890
GSP,12.3,10.7,11.45,11.3,1310,11.4,2370,11.45,10,0.05,0.44,11.5,10,3610,11.5,20,11.55,320,11.6,520,,11.6,11.4,,1380,1492104
GTA,14.55,12.65,13.6,13.5,200,13.55,10,13.6,1140,,,13.6,20,510,13.9,10,13.95,250,14,230,,13.95,13.6,,,504630
GTN,18.1,15.8,16.95,16.8,4630,16.85,1290,16.9,3140,,,16.95,420,53870,17,960,17.1,610,17.15,2280,,17.1,16.9,370,1930,24929078
GVR,30.75,26.75,27.85,28.6,6760,28.65,8010,28.7,1010,0.9,3.23,28.75,1010,554140,28.75,50,28.8,9440,28.85,8750,28.75,28.8,28,54690,440,49792479
HAG,5.58,4.86,5.2,5.19,6970,5.2,100,5.21,100,0.02,0.38,5.22,500,336750,5.22,2100,5.23,5400,5.24,2730,5.22,5.25,5.15,950,6670,38541609
HAH,28.85,25.15,26.45,26.8,320,26.85,340,26.9,150,0.55,2.08,27,20,84330,27,430,27.1,400,27.2,1630,,27.25,26.35,2480,,1754282
HAI,4.94,4.3,4.34,4.53,20,4.55,2130,4.58,420,0.28,6.45,4.62,10,361000,4.61,190,4.62,1580,4.63,9930,4.62,4.62,4.27,9930,580,8702752
HAP,13.55,11.85,12.75,12.45,1340,12.5,1560,12.55,200,-0.05,-0.39,12.7,500,24360,12.7,11820,12.75,11800,12.8,9380,,12.75,12.5,1000,4170,2513338
HAR,5.41,4.71,5.07,4.99,180,5,1000,5.04,100,-0.01,-0.2,5.06,20,51920,5.06,1050,5.07,2230,5.08,240,,5.08,4.86,1770,2440,4925236
HAS,14.55,12.65,13.7,,,12.75,600,12.8,80,-0.1,-0.73,13.6,40,50,13.6,160,13.65,20,13.7,340,,13.65,13.6,,,254143
HAX,29.65,25.85,26.6,26.7,720,26.75,730,26.8,1790,1.15,4.32,27.75,1000,88130,27.75,30,27.85,300,27.9,710,27.75,28.4,26.8,2530,510,1134575
HBC,15.4,13.4,14.3,14.3,29960,14.35,16210,14.4,7420,0.1,0.7,14.4,10120,440180,14.45,1250,14.5,16360,14.55,2390,14.4,14.7,14.3,6320,6680,8052313
HCD,4.92,4.28,4.56,4.57,210,4.58,230,4.59,500,0.04,0.88,4.6,120,21580,4.6,40,4.63,200,4.64,620,,4.72,4.52,1080,2280,1288095
HCM,40.05,34.85,36.3,37.25,1210,37.3,2920,37.35,440,1.15,3.17,37.45,820,539000,37.45,3740,37.5,23640,37.55,180,37.45,37.45,36.05,41160,8370,337777
HDB,35.1,30.6,32,32.7,790,32.75,3250,32.8,1330,0.85,2.66,32.85,110,606100,32.85,1290,32.9,1580,32.95,9350,32.85,33,31.9,88350,23490,6670160
HDC,54.4,47.35,50,50.4,1290,50.5,1450,50.6,170,0.9,1.8,50.9,50,137320,50.9,1150,51,4040,51.1,2190,50.9,51.5,49.2,8420,,2887626
HDG,47.45,41.25,43.6,44.15,250,44.2,590,44.3,220,0.75,1.72,44.35,2980,172460,44.4,3190,44.45,2400,44.5,7880,,44.55,43,1650,550,6035738
HHP,11.8,10.3,10.35,10.2,340,10.25,200,10.3,390,0.7,6.76,11.05,7000,37140,11.05,240,,,,,11.05,11.05,9.9,80,,948240
HHS,7.38,6.42,6.85,6.88,3620,6.89,3890,6.9,2100,0.05,0.73,6.9,4100,171410,6.91,620,6.92,800,6.93,380,6.9,7,6.86,,7730,12824932
HID,4.46,3.88,4.12,4.14,430,4.15,650,4.16,490,0.05,1.21,4.17,10,31390,4.2,1100,4.21,1600,4.22,2110,,4.28,4.08,530,,2831518
HII,21.8,19,20.05,20.25,480,20.3,560,20.35,120,0.35,1.75,20.4,20,43410,20.4,480,20.45,710,20.5,2020,20.4,20.5,19.6,200,2320,1537693
HMC,25.45,22.15,23.3,23.55,60,23.6,1250,23.65,120,0.5,2.15,23.8,40,12520,23.8,10,23.85,110,23.9,440,,23.95,23.05,280,250,1005972
HNG,11.3,9.86,10.7,10.45,11860,10.5,86260,10.55,2250,-0.1,-0.93,10.6,950,775970,10.6,3460,10.65,19330,10.7,22200,10.6,10.75,10.55,230,,54107482
HOT,28.9,25.2,28.9,27.05,280,27.5,10,27.7,60,-1.85,-6.4,27.05,10,10,,,,,,,,27.05,27.05,,,391878
HPGA,52.7,45.9,66.8,66.8,54670,66.9,35760,67,10830,0.3,0.45,67.1,18410,3013810,67.1,5730,67.2,42870,67.3,27900,67.1,67.3,66.2,143100,676450,66262199
HPX,39.05,33.95,36.4,36.4,1590,36.45,360,36.5,250,0.1,0.27,36.5,50,72290,36.55,470,36.6,600,36.65,720,,36.7,36.15,,330,9268881
HQC,3.68,3.2,3.4,3.42,34760,3.43,4390,3.44,2560,0.04,1.18,3.44,20000,1145280,3.49,1380,3.5,27160,3.51,6530,3.44,3.5,3.4,20400,31910,22608527
HRC,72.7,63.3,69,66,300,67,300,68,300,-1,-1.45,68,300,300,73.8,10,,,,,,68,68,,,1460211
HSG,44.1,38.4,40.3,41.1,7600,41.15,6600,41.2,300,0.95,2.36,41.25,3300,1253530,41.25,7830,41.3,7360,41.35,1640,41.25,41.5,40.3,36440,21120,18156146
HSL,7.05,6.13,6.62,6.49,10,6.5,800,6.51,20,-0.03,-0.45,6.59,10,9170,6.6,870,6.62,440,6.7,740,6.59,6.62,6.5,40,10,1560330
HT1,16.3,14.2,15.3,15.15,1840,15.2,3690,15.25,2210,-0.05,-0.33,15.25,200,44350,15.3,1670,15.35,1020,15.4,670,,15.4,15.1,1320,2710,17611747
HTI,17.75,15.45,16.7,16.25,110,16.3,240,16.4,440,-0.1,-0.6,16.6,20,17470,16.65,740,16.7,450,16.75,10,16.6,16.7,16.2,440,15560,840887
HTL,19.25,16.75,17.6,16.4,20,16.5,110,17.3,10,0.4,2.27,18,10,560,18,110,18.1,200,18.3,100,,18,18,,,53205
HTN,38.25,33.25,35.95,35.55,540,35.6,330,35.65,630,-0.2,-0.56,35.75,100,15670,35.8,70,35.85,150,35.9,110,,35.95,35.4,310,50,2408681
HTV,16.2,14.1,15.15,14.2,30,14.3,10,14.35,10,,,,,,14.95,70,15,120,15.1,10,,,,,,446668
HU1,9.65,8.39,9.2,9.1,10,9.11,300,9.15,200,-0.18,-1.96,9.02,50,50,9.29,30,9.3,150,9.5,100,,9.02,9.02,,,453037
HU3,8.56,7.44,8,7.45,30,7.5,20,7.8,100,,,,,,8.05,400,8.2,100,8.3,330,,,,,,443223
HUB,26.15,22.75,23.8,23.7,400,23.8,200,23.9,150,0.65,2.73,24.45,70,1390,24,50,24.45,50,24.5,420,,24.8,23.8,100,,846673
HVH,10.9,9.49,10.35,10,1310,10.05,100,10.1,320,-0.15,-1.45,10.2,100,31330,10.2,3370,10.25,760,10.3,3210,10.2,10.4,10,,190,1793511
HVN,28,24.4,26.1,26.05,2640,26.1,6300,26.15,3350,0.1,0.38,26.2,100,49380,26.2,650,26.25,530,26.3,1960,,26.4,26.05,1830,120,29554381
HVX,4.81,4.19,4.45,4.33,200,4.34,100,4.45,20,0.05,1.12,4.5,10,700,4.5,290,4.58,30,4.7,100,,4.5,4.3,,,1923740
IBC,24.6,21.4,22.4,22.7,20,22.8,30,22.9,40,0.6,2.68,23,210,8320,23,210,23.1,240,23.2,280,,23,22,,190,2484634
ICT,20.35,17.75,19.1,18.8,370,18.85,100,18.9,250,-0.05,-0.26,19.05,10,3190,19,200,19.1,230,19.15,60,,19.1,18.8,,100,3202464
IDI,6.53,5.69,6.05,6.09,1150,6.1,12170,6.11,750,0.06,0.99,6.11,2740,138640,6.19,140,6.2,1350,6.21,1220,6.11,6.21,6.09,5960,,10995727
IJC,32.55,28.35,29.2,30.25,6010,30.3,5990,30.4,530,1.25,4.28,30.45,2110,1059050,30.45,11050,30.5,9540,30.55,2180,30.45,30.6,29.2,8570,2400,10446507
ILB,26,22.6,24,24.2,310,24.25,150,24.3,50,0.3,1.25,24.3,120,4750,24.5,220,24.6,80,24.65,140,,24.75,24.05,,,
IMP,77.7,67.7,72.5,72.3,600,72.4,200,72.5,640,0.2,0.28,72.7,10,2860,72.7,90,72.8,100,72.9,370,,72.7,72,10,,5
ITA,7.59,6.61,7.04,7.06,8410,7.07,4350,7.08,6680,0.06,0.85,7.1,2500,687220,7.1,22990,7.11,2430,7.12,1550,7.1,7.1,7.03,,2440,40078676
ITC,14.95,13.05,13.9,13.7,430,13.8,570,13.9,60,0.1,0.72,14,80,3360,14,30,14.1,210,14.2,50,,14.1,13.8,50,,3870078
ITD,13.7,12,12.8,12.75,370,12.8,2170,12.85,230,0.05,0.39,12.85,100,4810,12.9,180,12.95,110,13,710,,12.95,12.8,,,915984
JVC,4.5,3.92,4.21,4.18,1550,4.19,200,4.2,200,,,4.21,470,101150,4.21,770,4.22,1730,4.23,1090,4.21,4.23,4.17,2010,660,4035981
KBC,36.15,31.45,33.1,33.55,7040,33.6,1360,33.65,500,0.7,2.11,33.8,100,571660,33.8,4620,33.85,2460,33.9,4380,33.8,34.15,33.1,17560,12040,13921221
KDC,60.5,52.7,56.8,55.8,50,55.9,20,56.5,1030,-0.2,-0.35,56.6,9240,112710,56.6,1310,56.7,1250,56.8,2800,56.6,56.8,55,1680,710,20835663
KDH,41.7,36.3,39,38.9,5180,38.95,5250,39,6100,,,39,2000,268840,39.05,1660,39.1,5310,39.15,4230,39,39.25,38.6,21080,2480,10623165
KHP,7.14,6.22,6.73,6.66,100,6.67,70,6.68,1000,-0.05,-0.74,6.68,40,4960,6.73,520,6.74,250,6.75,260,,6.74,6.67,,,2348119
KMR,7.34,6.38,6.42,6.84,620,6.85,660,6.86,51890,0.44,6.85,6.86,10,249080,,,,,,,,6.86,6.8,2900,,2112848
KOS,28.65,24.95,26.5,26.55,250,26.6,180,26.7,100,0.3,1.13,26.8,30,22860,26.8,270,26.9,1010,26.95,80,,26.8,26.55,,90,8045635
KPF,11.4,9.96,10.9,10.3,50,10.4,240,10.5,10,-0.2,-1.83,10.7,10,470,10.8,120,10.85,10,10.9,360,,10.9,10.4,,,2664857
KSB,29.95,26.05,28,27.65,1520,27.7,80,27.95,1500,,,28,10,91350,28,5370,28.05,540,28.1,2070,28,28.3,27.2,,110,3137590
L10,17.2,15,15.05,14.1,500,15,30,15.15,160,1.05,6.98,16.1,10,20,16.1,10,,,,,,16.1,16.1,,,475461
LBM,63,54.8,58.9,,,55.5,60,56,20,,,,,,58.5,20,58.8,20,58.9,170,,,,,,392490
LCG,12.65,11.05,11.85,11.75,3790,11.8,5120,11.85,10,,,11.85,790,159870,11.9,2310,11.95,2050,12,8020,11.85,11.95,11.65,300,,5369948
LCM,2.4,2.1,2.25,2.2,120,2.22,300,2.23,100,,,2.25,60,22240,2.25,140,2.3,20,2.32,200,2.25,2.32,2.1,,,945346
LDG,7.61,6.63,7.06,7.07,5610,7.08,5190,7.09,30,0.06,0.85,7.12,100,283510,7.12,3920,7.13,4140,7.14,2360,7.12,7.18,7.07,850,1400,11576372
LEC,13.7,12,12.85,,,,,,,,,,,,12.75,50,12.8,110,12.85,40,,,,,,1278863
LGC,66.2,57.6,61.9,,,,,,,,,,,,57.6,50,61.2,50,61.4,50,,,,,,773613
LGL,6.42,5.58,6,5.98,110,5.99,110,6,290,,,6,100,2350,6.12,100,6.14,100,6.15,200,,6.1,6,,,2408902
LHG,43.95,38.25,41,40.9,1500,40.95,100,41,180,0.1,0.24,41.1,100,19950,41.1,180,41.2,680,41.3,770,,41.5,40.65,,20,1969058
LIX,61.7,53.7,57.6,57.5,520,57.6,290,57.7,20,0.1,0.17,57.7,20,810,58,180,58.3,130,58.4,190,,58.5,57.6,,80,1228321
LM8,11.75,10.25,11.2,10.8,120,10.9,120,11,210,-0.2,-1.79,11,70,90,11.3,10,11.4,90,11.45,100,,11,11,,,443470
LPB,29.95,26.05,26.2,27.9,16830,27.95,8160,28,45160,1.8,6.87,28,30,3566880,,,,,,,,28,26.35,5040,304910,837472
LSS,10.45,9.11,9.54,9.69,310,9.7,80,9.72,150,0.25,2.62,9.79,10,41120,9.78,100,9.79,410,9.8,1830,,9.99,9.5,70,520,3285350
MBB,40.3,35.1,36.5,37.4,13080,37.6,46310,37.65,37570,1.2,3.29,37.7,6400,2637890,37.7,9590,37.75,9650,37.8,22090,37.7,37.7,36.2,98400,47600,1233083
MCG,3.22,2.8,3.01,2.98,110,3,1170,3.01,530,,,3.01,90,7040,3.02,120,3.03,20,3.05,320,,3.05,3,,,2543254
MCP,27.25,23.75,25.5,,,23.75,10,25,120,,,25.5,250,300,25.5,50,,,,,,25.5,25.5,,,735595
MDG,13.35,11.65,12,,,11.2,20,11.4,50,0.5,4.17,12.5,20,30,12.4,30,12.5,100,12.8,650,,12.8,12.5,,,533562
MHC,14.85,12.95,13,13.8,15500,13.85,470,13.9,96600,0.9,6.92,13.9,400,300720,,,,,,,,13.9,13.1,3310,,1921305
MIG,18.25,15.95,17.4,17,1650,17.05,260,17.1,70,-0.3,-1.72,17.1,1100,22510,17.2,1500,17.25,790,17.3,1960,,17.35,17,40,,6158062
MSB,28.55,24.85,25.7,26.55,1910,26.6,6430,26.65,2220,1,3.89,26.7,150,909270,26.7,9540,26.75,7530,26.8,16360,26.7,26.8,25.5,,2080,2
MSH,55.8,48.55,52,51.8,700,52,30,52.1,50,0.2,0.38,52.2,10,3340,52.2,70,52.3,120,52.5,440,,52.2,51.5,,280,2132201
MSN,120.3,104.7,110,111.7,320,111.9,1820,112,800,2.5,2.27,112.5,30,204580,112.5,2600,112.6,200,113,2070,112.5,112.5,108.6,57870,5800,78832909
MWG,152.6,132.8,142.4,142.5,690,142.6,140,142.7,130,0.3,0.21,142.7,540,74330,142.9,1200,143,5440,143.1,280,142.7,143.2,141.6,7900,7900,
NAF,32.7,28.5,29.9,30,610,30.2,50,30.3,160,0.7,2.34,30.6,900,70680,30.6,1020,30.85,10,31,1560,30.6,30.6,29.7,1960,60,4429169
NAV,19.25,16.75,18.5,17.25,230,17.9,40,18,10,-0.5,-2.7,18,10,170,19.5,140,19.6,10,19.75,70,,18,18,,,384841
NBB,29.15,25.35,27.25,25.9,30,26.5,10,26.8,10,,,,,,27.1,50,27.2,300,27.25,340,,,,,,4826311
NCT,74.6,65,69.7,69.6,370,69.7,530,69.8,110,0.1,0.14,69.8,30,1720,70.1,10,70.2,10,70.3,10,,69.9,69.7,220,90,1038899
NHA,28.75,25.05,27.1,26.7,1350,26.75,360,26.8,340,-0.2,-0.74,26.9,10,14960,26.9,100,27,1740,27.1,960,,27.15,26.65,,,1174777
NHH,61.8,53.8,58.2,57.6,280,57.7,200,57.8,50,-0.4,-0.69,57.8,230,28190,57.9,100,58,380,58.1,180,57.8,58.3,57.4,,1020,3634089
NKG,33.9,29.5,31.3,31.6,20610,31.65,680,31.7,150,0.4,1.28,31.7,770,430210,31.75,3620,31.8,19360,31.85,1230,31.7,32,31.25,330,52560,15453109
NLG,40.85,35.55,38.1,38.05,4470,38.1,12770,38.15,800,0.1,0.26,38.2,20,342110,38.2,4980,38.25,1850,38.3,2270,38.2,38.5,37.8,33620,,1219309
NNC,26.05,22.65,24.1,24.1,50,24.15,10,24.3,90,0.25,1.04,24.35,90,5960,24.4,400,24.45,240,24.5,300,,24.4,24.05,100,2600,833559
NT2,20.55,17.95,19.15,19.1,3320,19.15,1120,19.2,150,0.1,0.52,19.25,10,18500,19.25,50,19.3,160,19.4,670,19.25,19.25,19,10,870,9755310
NTL,28,24.4,25.9,26,5360,26.1,1660,26.15,1490,0.3,1.16,26.2,50,87730,26.2,1090,26.25,2930,26.3,2200,,26.5,25.9,730,860,2642423
NVL,144.3,125.5,136,134.7,5010,134.8,9750,134.9,10710,-1.1,-0.81,134.9,800,173360,135,3090,135.1,6090,135.2,5100,134.9,136,134.2,61070,104810,32752455
NVT,9.55,8.31,9,8.45,1180,8.46,220,8.51,30,-0.07,-0.78,8.93,10,530,8.93,40,8.94,50,8.95,330,,8.98,8.42,,,9039798
OCB,30.15,26.25,27.2,28.05,1930,28.1,13050,28.15,7590,1,3.68,28.2,1390,713400,28.2,3550,28.25,1840,28.3,11790,28.2,28.3,27.15,19780,3470,1369586
OGC,6.25,5.45,5.81,5.72,180,5.73,20,5.85,100,0.04,0.69,5.85,1900,46260,5.9,670,5.91,10,5.95,10,5.85,5.85,5.68,110,2020,14632384
OPC,70.9,61.7,66.3,63.8,60,64,10,64.5,20,,,66.3,10,20,66.3,20,66.4,10,66.9,1500,,66.3,63.6,,,1168657
PAC,39.55,34.45,36.5,36,100,36.1,280,36.2,70,0.5,1.37,37,10,4570,37,10,37.5,100,37.8,110,,37,36.1,110,,1668530
PC1,28.1,24.5,25.35,26,2350,26.05,180,26.1,2500,0.95,3.75,26.3,600,80450,26.3,1570,26.35,500,26.4,620,26.3,26.3,25.45,,5760,7269104
PDN,87.7,76.3,82,80.2,30,80.5,150,81,10,,,82,50,60,83,150,83.4,10,83.5,50,,82,80.2,,10,897364
PDR,83.2,72.4,77.5,77.5,8150,77.6,3720,77.7,870,0.3,0.39,77.8,280,389680,77.8,1900,77.9,3130,78,6490,77.8,78,76.5,12320,1840,22474688
PET,22.75,19.85,20.7,21.2,2800,21.25,9840,21.3,530,0.6,2.9,21.3,660,170840,21.35,1290,21.4,3290,21.45,2660,21.3,21.5,20.55,14520,1830,3948501
PGCD,17.85,15.55,16.8,16.55,550,16.6,480,16.65,50,-0.1,-0.6,16.7,160,1840,16.8,150,16.9,100,16.95,70,,16.8,16.5,570,,2747835
PGD,30,26.1,28.2,27.8,20,28,90,28.05,30,-0.15,-0.53,28.05,10,90,29.8,10,29.9,250,29.95,10,28.05,29.9,28.05,,,199213
PGI,21.4,18.6,20.3,19.8,300,19.9,500,20,650,-0.3,-1.48,20,150,150,21,10,21.1,10,,,,20,20,,,2510953
PHC,16.15,14.05,15.4,15,950,15.05,300,15.1,590,-0.3,-1.95,15.1,100,38270,15.15,2130,15.2,1630,15.25,1500,,15.4,14.35,,1300,1242087
PHR,57.4,49.95,53,53.5,950,53.6,1210,53.7,1150,0.7,1.32,53.7,50,46840,53.8,10,53.9,650,54,3640,,54.3,52.8,320,1660,4925529
PIT,6.74,5.86,6.71,,,6.25,210,6.3,200,-0.41,-6.11,6.3,120,1510,6.6,20,6.71,20,6.75,800,,6.8,6.3,,,733761
PJT,13,11.3,12,12,20,12.1,100,12.15,20,0.15,1.25,12.15,20,30,12.3,100,12.5,100,12.6,550,,12.15,12.15,,,
PLP,9.63,8.37,8.85,8.9,1760,8.91,200,8.92,110,0.15,1.69,9,330,68180,9,170,9.1,10,9.14,20,,9.2,8.75,440,1910,1854162
PLX,58.6,51,53.9,54.6,4520,54.7,7580,54.8,3390,0.9,1.67,54.8,3300,414190,54.9,490,55,9120,55.1,8060,54.8,55,53.8,271450,860,5028603
PME,83.9,73.1,79,,,77,50,77.5,100,-0.5,-0.63,78.5,100,810,78.9,120,79,80,79.5,60,,79,77.5,,,781372
PMG,22.35,19.45,21.1,20.3,80,20.4,40,20.5,10,-0.2,-0.95,20.9,10,100,20.9,220,21,80,21.2,30,,21.1,20.9,,,1101387
PNC,10.15,8.84,9.5,8.9,40,9.01,100,9.1,10,,,,,,9.6,20,10,20,10.15,70,,,,,,532067
PNJ,108,94,101.6,100.9,50,101,850,101.1,110,-0.6,-0.59,101,2000,43950,102.4,230,102.5,10,102.6,50,,103,100.8,18950,16710,2
POM,18.6,16.2,17.3,17.25,610,17.3,2200,17.35,590,0.1,0.58,17.4,70,28220,17.4,80,17.45,130,17.5,2440,,17.55,17.1,,540,11472399
POW,12.5,10.9,11.65,11.6,79800,11.65,50370,11.7,12690,0.05,0.43,11.7,4500,1105040,11.75,41230,11.8,58630,11.85,20750,11.7,11.8,11.6,71390,46240,107177552
PPC,24.8,21.6,23.25,23,3030,23.05,1970,23.1,210,-0.05,-0.22,23.2,130,31570,23.2,460,23.25,1020,23.3,120,,23.4,22.95,520,120,11221549
PSH,34.15,29.75,29.9,31.8,1110,31.9,7670,31.95,33910,2.05,6.86,31.95,1090,196540,,,,,,,,31.95,27.85,,,
PTB,92.4,80.4,86.9,86.1,20,86.3,180,86.4,130,-0.5,-0.58,86.4,1610,8540,86.9,200,87,940,87.4,220,86.4,87,85.5,,250,1521842
PTC,10.45,9.12,9.83,,,9.2,20,9.8,90,-0.03,-0.31,9.8,10,10,9.81,170,9.82,30,10.4,1030,9.8,9.8,9.8,,,876718
PTL,5.92,5.16,5.6,5.31,100,5.4,50,5.45,130,-0.06,-1.07,5.54,160,1590,5.54,100,5.58,20,5.6,370,,5.57,5.3,,,4890795
PVD,22.05,19.25,19.7,20.5,5210,20.55,2590,20.6,10380,0.95,4.82,20.65,610,958530,20.65,3060,20.7,13060,20.75,9710,20.65,20.9,19.7,4320,18390,17534729
PVT,19.25,16.75,17.4,17.9,3690,17.95,1450,18,11400,0.6,3.45,18,520,779760,18.05,1250,18.1,9510,18.15,21480,,18.2,17.55,1130,9460,11632513
PXI,3.64,3.18,3.41,3.35,60,3.36,30,3.4,260,,,3.41,100,4160,3.41,1140,3.42,300,3.43,30,3.41,3.43,3.4,,,1441979
PXS,6.42,5.58,5.8,5.92,200,5.93,790,5.99,190,0.2,3.45,6,100,33800,6,690,6.01,610,6.02,100,,6.01,5.8,90,1070,2268621
QCG,7.98,6.94,7.45,7.44,2030,7.45,10,7.46,30,0.01,0.13,7.46,100,37030,7.5,50,7.51,20,7.52,210,7.46,7.6,7.32,210,,13333386
RAL,242.7,211.1,222.9,222.1,40,223,50,223.5,80,4,1.79,226.9,10,2890,226.9,20,227,100,228,40,226.9,226.9,219,150,50,566138
RDP,9.09,7.91,8.5,8.16,10,8.25,10,8.4,10,,,8.5,10,5480,8.59,40,8.6,1520,8.64,100,,8.64,8.5,,,2311314
REE,63.4,55.2,59.2,58.6,730,58.7,20,58.9,590,0.1,0.17,59.3,1700,76990,59.3,1610,59.4,1670,59.5,3840,,59.3,58.3,,,
RIC,17.4,15.2,16.3,16.1,100,16.15,60,16.25,90,,,16.3,100,3750,16.3,380,16.4,160,16.5,200,,16.3,15.9,,510,495832
ROS,7.14,6.22,6.25,6.66,4460,6.67,7330,6.68,70940,0.43,6.88,6.68,20,1904770,,,,,,,6.68,6.68,6.24,44380,4140,26784337
S4AD,28.4,24.7,26.55,26.4,110,26.5,600,26.55,440,,,26.55,180,740,27,1600,27.35,20,27.4,1990,,26.8,26.5,,,2065082
SAB,172.8,150.2,163,160.6,60,161,80,161.5,180,-1.5,-0.92,161.5,60,18610,162.5,850,162.6,50,162.7,550,161.5,163.8,160,15160,10620,23798697
SAM,10.7,9.3,10,9.98,110,9.99,1040,10,5070,,,10,10,35450,10.05,2090,10.1,3470,10.15,750,,10.05,10,,,16871256
SAV,24.7,21.5,23.6,22.9,300,22.95,200,23,160,-0.5,-2.12,23.1,20,6730,23.1,1350,23.3,50,23.4,220,,23.5,22.8,10,,84490
SBA,17.4,15.2,16.05,15.75,500,16,300,16.05,540,0.25,1.56,16.3,100,1520,16.3,600,16.4,10,16.5,1000,16.3,16.3,16.05,,,2959516
SBT,21.05,18.35,19.1,19.35,70,19.4,1210,19.45,310,0.6,3.14,19.7,7500,206240,19.7,6400,19.75,250,19.8,3280,19.7,19.7,19.1,2610,1250,56440064
SBV,14.35,12.55,13.45,13.25,80,13.3,550,13.35,310,,,13.45,1000,15130,13.45,880,13.55,210,13.6,490,,13.6,13.35,240,440,926033
SC5,23.55,20.55,22.05,,,20.65,60,20.7,110,,,,,,23.35,10,23.4,40,23.5,10,,,,,,670257
SCD,22.05,19.25,20.7,19.75,10,20,10,20.3,50,-0.05,-0.24,20.65,10,380,21.9,20,,,,,,20.65,19.55,,,351284
SCR,9.88,8.6,9.11,9.21,3970,9.22,2360,9.23,30,0.13,1.43,9.24,110,603180,9.24,5000,9.25,6300,9.26,80,9.24,9.35,9.13,20870,2640,17616204
SCS,147,127.8,141,133,10,133.3,160,135.1,50,-3.6,-2.55,137.4,10,1170,137.5,50,138,90,138.5,10,137.4,141,132,240,,1336178
SFC,25.55,22.25,23.9,22.35,140,23,100,23.5,100,,,,,,25.4,10,25.45,40,25.5,900,,,,,,544024
SFG,8.88,7.72,8.32,8.11,10,8.15,10,8.16,10,-0.02,-0.24,8.3,10,1940,8.3,1350,8.4,500,8.5,2380,,8.3,8.01,,,2311002
SFI,38.9,33.9,36,36.2,20,36.3,10,36.4,120,0.4,1.11,36.4,30,510,36.5,310,36.6,650,36.7,300,,36.5,36.3,,,587782
SGN,70.5,61.3,65.9,64,10,64.1,30,65.4,180,,,65.9,10,970,65.9,380,66,250,69,250,65.9,65.9,65.4,,150,936281
SGR,28.55,24.85,27,26.35,100,26.4,40,26.5,100,-0.3,-1.11,26.7,130,5250,26.7,80,26.8,120,26.85,60,,27,26.25,50,160,2938172
SGT,17.75,15.45,17.1,16.2,20,16.5,3000,16.6,2720,-0.5,-2.92,16.6,50,9190,17,3000,17.05,200,17.1,1790,,17.3,16.6,510,,2637388
SHA,6.52,5.68,6,5.95,980,5.97,210,6,1510,0.1,1.67,6.1,90,6740,6.1,70,6.17,250,6.18,50,,6.2,5.95,,,1547255
SHI,31.8,27.7,29.8,29.65,10000,29.7,13500,29.75,16650,-0.05,-0.17,29.75,250,289740,29.8,540,29.85,250,29.9,7640,,29.9,28.9,1800,5260,4351502
SHP,23.5,20.5,22.05,20.55,550,20.6,130,20.7,200,-0.05,-0.23,22,10,330,22,40,22.35,100,22.4,60,,22,20.55,,,4104680
SII,18.4,16,17.35,,,16.15,10,16.25,10,-0.15,-0.86,17.2,10,10,17.1,20,17.15,30,17.2,10,,17.2,17.2,,,2918
SJD,18.4,16,17,17,3220,17.05,500,17.15,260,0.2,1.18,17.2,100,2010,17.2,870,17.25,50,17.3,840,,17.2,17.1,,,1833873
SJF,4.05,3.53,3.68,3.7,5600,3.71,1020,3.72,130,0.11,2.99,3.79,60,146650,3.79,990,3.8,7340,3.81,2490,3.79,3.82,3.65,2030,1660,3707868
SJS,56.9,49.5,53.8,52.7,190,52.8,30,52.9,80,-0.6,-1.12,53.2,20,13590,53.3,100,53.4,50,53.5,60,,53.8,52.5,90,370,5483097
SKG,11.9,10.4,11.1,11.05,1150,11.1,2230,11.15,40,0.05,0.45,11.15,10,14830,11.2,2220,11.25,1070,11.3,500,,11.2,11.1,380,600,314971
SMA,8.49,7.39,8.52,,,7.93,140,7.94,100,-0.58,-6.81,7.94,100,1400,7.98,360,8.4,10,8.46,10,,8.52,7.93,,,996360
SMB,43.85,38.15,39.8,39.5,10,40,50,40.5,50,1.2,3.02,41,100,1260,40.95,40,41,1250,41.45,10,,41,39.8,500,750,1091698
SMC,41.05,35.75,37.7,37.85,2250,37.9,1040,38.2,2100,0.7,1.86,38.4,310,87160,38.4,1230,38.45,450,38.5,1760,,38.45,37.2,810,26200,1357440
SPM,14.2,12.4,14,,,,,,,-0.7,-5,13.3,130,140,13.7,10,13.75,50,13.8,320,,13.3,13.3,,,645755
SRC,19.55,17.05,18,18.1,260,18.2,120,18.3,50,0.3,1.67,18.3,70,2110,18.4,10,18.5,10,18.55,80,,18.8,18,,,1372643
SRF,14,12.2,13,12.8,170,12.85,50,12.9,90,0.1,0.77,13.1,190,350,13.2,230,13.3,900,13.35,10,,13.1,12.9,,,67600
SSB,41.7,36.3,37.05,38.4,510,38.6,5120,38.8,3690,1.95,5.26,39,8750,200620,39,22360,39.2,230,39.3,1070,39,39,35.5,,,
SSI,44.7,38.9,39.6,41.7,540,41.75,2150,41.8,400,2.2,5.56,41.8,1420,1702800,41.85,1860,41.9,1620,41.95,1880,41.8,41.9,39.5,148710,13980,34815834
ST8,12.8,11.2,12,11.2,330,11.3,450,11.4,320,,,12,80,110,11.8,20,12,800,12.2,10,,12,11.95,,,
STB,34.05,29.65,29.8,31.75,59110,31.8,55250,31.85,211060,2.05,6.88,31.85,1950,7383990,,,,,,,31.85,31.85,30,223880,55540,22202389
STG,19.45,16.95,17.8,17.8,300,17.9,50,18,120,0.4,2.25,18.2,300,1270,18.4,60,18.5,50,18.6,60,,18.5,17.6,,,4807916
STK,34.75,30.25,32.35,32.35,630,32.4,50,32.5,60,0.15,0.46,32.5,100,4430,32.7,20,32.8,20,32.9,210,,33,31.9,1690,580,2749386
SVC,84.9,73.9,79.4,,,73.9,10,74,10,,,,,,79,160,79.2,20,79.3,30,,,,,,1567592
SVD,9.02,7.84,7.94,8.3,10030,8.35,200,8.4,10250,0.49,6.17,8.43,100,20070,8.43,10,8.44,580,8.45,5170,8.43,8.45,7.75,,10,627180
SVI,86.5,75.3,81,,,,,76.7,10,-0.1,-0.12,80.9,20,20,80.2,10,80.3,30,80.4,30,,81,80.9,,10,67263
SVT,17.75,15.45,16.1,15.2,70,16.1,50,16.15,30,0.5,3.11,16.6,30,510,16.75,100,16.8,60,17,180,,17.2,16.15,,,567322
SZC,39.05,33.95,36,36.2,860,36.25,200,36.3,50,0.5,1.39,36.5,1600,98770,36.5,9820,36.55,620,36.6,500,36.5,36.5,35.9,160,14780,4496600
SZL,53.5,46.5,50.5,49.6,250,49.65,250,49.7,350,-0.5,-0.99,50,10,1160,50,30,50.2,60,51,560,50,50.2,49.7,250,,621550
TAC,65.2,56.8,59.8,59.3,120,59.5,390,59.6,200,1.2,2.01,61,300,4620,61,900,61.1,10,61.2,220,,61,59,1850,80,1547371
TBC,30.25,26.35,28.4,27.95,40,28,50,28.05,10,-0.1,-0.35,28.3,10,170,28.3,70,28.8,100,28.9,10,,28.8,27.95,10,,3067561
TCB,56.7,49.3,51.4,52.5,11090,52.6,500,52.7,1000,1.6,3.11,53,2500,2000270,53,11280,53.1,15870,53.2,11890,53,53.3,51.2,,5710,
TCD,13.65,11.95,12.3,12.3,530,12.4,10,12.5,10,0.5,4.07,12.8,10,5380,12.8,30,12.9,270,12.95,250,12.8,12.95,12.3,,,3792301
TCH,24.05,20.95,22.1,22.35,1500,22.4,810,22.45,740,0.4,1.81,22.5,200,543000,22.5,950,22.55,2470,22.6,2660,22.5,22.65,21.9,8490,11210,14693911
TCL,37,32.2,34.3,34.4,220,34.5,630,34.55,160,0.3,0.87,34.6,100,14650,34.6,110,34.65,340,34.7,550,,34.9,34.3,470,,1377632
TCM,92.9,80.9,88,84.5,560,84.6,510,84.7,170,-1.1,-1.25,86.9,3000,10700,86.9,90,87,1200,87.5,550,86.9,86.9,84.6,180,740,291302
TCO,13.65,11.95,12,11.5,200,12,310,12.8,100,0.8,6.67,12.8,200,2210,,,,,,,,12.8,12.8,,,873481
TCR,4.76,4.14,4.65,4.33,220,4.35,30,4.36,500,-0.2,-4.3,4.45,10,970,4.45,210,4.49,150,4.54,110,,4.55,4.33,,,561
TCT,28.15,24.55,26.1,26.2,590,26.25,600,26.3,100,0.25,0.96,26.35,200,2010,26.5,10,26.65,10,27,340,,26.5,26.1,,,449179
TDC,19.45,16.95,18.25,18.1,450,18.15,190,18.2,1220,-0.05,-0.27,18.2,330,60400,18.25,40,18.3,1070,18.35,100,18.2,18.7,17.85,890,1200,4763251
TDG,4.41,3.85,4.15,4.07,510,4.1,3840,4.12,1050,-0.02,-0.48,4.13,980,61010,4.13,990,4.16,2430,4.17,810,4.13,4.2,4.12,150,1540,800583
TDH,7.52,6.54,7.01,7.01,1550,7.02,350,7.03,160,0.02,0.29,7.03,70,51310,7.04,2970,7.05,2910,7.06,1270,,7.17,6.95,3940,,4648180
TDM,28.85,25.15,26.95,26.85,550,26.9,1950,26.95,1970,0.05,0.19,27,10,17360,27,2450,27.05,2110,27.1,310,27,27.1,26.8,290,50,4417135
TDP,29.2,25.4,27.1,26.8,220,26.9,160,27,100,0.2,0.74,27.3,130,32670,27.5,150,28.6,20,28.7,110,,28.8,26.9,,,2631702
TDW,35.6,31,32.05,,,29.9,10,31,40,1.25,3.9,33.3,130,340,33.95,120,34,40,,,,33.3,29.85,,,394672
TEG,15,13.1,14,13.9,580,14,430,14.05,300,0.05,0.36,14.05,200,3550,14.1,90,14.2,120,14.3,300,,14.1,13.8,,,1581316
TGG,5.31,4.63,4.65,4.95,10,4.96,80,4.97,17080,0.32,6.88,4.97,50,67400,,,,,,,,4.97,4.7,1220,510,1286025
THG,81.6,71,77.6,74.2,20,75.2,120,76,120,-1.3,-1.68,76.3,110,4590,76.6,10,76.7,10,76.8,10,,77.5,76.3,,350,672709
TIP,44.15,38.45,41.25,41,1200,41.2,1500,41.4,180,0.05,0.12,41.3,620,14570,41.5,100,41.9,190,42,100,41.3,41.3,40.2,4500,340,805339
TIX,34.75,30.25,32,,,,,,,0.5,1.56,32.5,20,20,31.5,870,32,290,32.5,80,,32.5,32.5,,,1466829
TLD,6.33,5.51,5.92,5.9,750,5.91,270,5.92,2930,,,5.92,500,31540,5.93,270,5.95,1730,5.97,150,,5.98,5.87,90,1370,1896065
TLG,41.7,36.3,39,38.2,1030,38.3,40,38.5,200,,,39,500,10580,39,200,39.05,460,39.1,550,39,39.1,38.2,4500,3880,5805565
TLH,18.5,16.1,17.25,17.15,1270,17.2,6080,17.25,11310,0.05,0.29,17.3,110,222810,17.3,260,17.35,660,17.4,1300,17.3,17.6,17.2,20,4390,4883469
TMP,49.25,42.85,47,45.8,20,45.9,10,46,30,-0.95,-2.02,46.05,10,1360,46.6,10,46.9,50,47,60,,47,45.1,160,,3404314
TMS,48.55,42.25,46.5,44.1,70,44.15,10,45,50,-1.1,-2.37,45.4,10,3940,45.4,50,45.5,90,45.6,40,45.4,45.6,44,,,2
TMT,9.2,8,8.6,8.5,100,8.55,130,8.6,80,,,8.6,30,1240,8.9,520,9,1120,9.1,290,,8.7,8.6,,,1735727
TN1,54.5,47.45,49,49,130,49.1,50,50,20,2,4.08,51,10,330,51,80,52,160,52.4,160,,51,50,,,
TNA,12.9,11.3,12.1,11.95,790,12,1590,12.05,1370,,,12.1,80,8690,12.1,120,12.15,590,12.2,1350,,12.2,12,,570,1772886
TNC,31.8,27.7,31.95,,,29.75,410,29.8,10,-2.2,-6.89,29.75,10,10,33,50,33.9,10,34.15,200,,29.75,29.75,,,902129
TNH,31.2,27.2,28.1,28.9,500,29,500,29.05,180,1.1,3.91,29.2,1500,55380,29.2,1430,29.3,2150,29.4,70,29.2,29.3,28.1,,,
TNI,4.01,3.49,3.75,3.72,3290,3.73,2290,3.74,1420,,,3.75,100,84760,3.75,100,3.76,310,3.78,4460,3.75,3.82,3.71,1160,3240,2514033
TNT,7.86,6.84,7.23,7.29,1800,7.3,1000,7.31,300,0.12,1.66,7.35,240,12990,7.35,60,7.4,1760,7.49,10,,7.4,7.28,130,,1246831
TPB,38.6,33.6,35.1,35.95,5330,36,6410,36.05,4780,1,2.85,36.1,400,665600,36.1,6100,36.15,5460,36.2,7770,36.1,36.1,34.85,120,,
TPC,9.63,8.37,9,8.56,30,8.6,130,8.61,100,,,9,100,100,9,40,9.09,10,9.2,30,,9,9,,,1157008
TRA,74.9,65.1,69,68,20,69,580,69.5,100,1,1.45,70,10,1650,70.1,10,70.2,40,70.4,20,,70,69.5,1600,350,251998
TRC,39.55,34.45,36.5,35.2,500,36,200,36.1,10,0.5,1.37,37,10,230,37.5,50,37.6,10,37.8,30,,37.8,36,,,1436524
TS4,4.06,3.54,3.68,3.61,200,3.62,20,3.65,20,0.12,3.26,3.8,20,110,3.8,240,3.81,230,3.82,20,,3.85,3.8,,,778569
TSC,17.75,15.45,16.1,16.45,25810,16.5,40130,16.55,24490,0.5,3.11,16.6,2610,787960,16.6,4610,16.65,2780,16.7,20530,16.6,16.6,15.8,10940,1000,6839927
TTA,15.9,13.9,15,14.65,60,14.7,1140,14.75,40,-0.1,-0.67,14.9,10,35930,14.9,4120,14.95,5100,15,11400,,15.1,14.7,,1560,6568673
TTB,6.8,5.92,6.2,6.34,220,6.35,490,6.36,1070,0.16,2.58,6.36,50,139270,6.38,1700,6.39,600,6.4,2200,,6.4,6.1,1610,590,2462573
TTE,11.1,9.68,9.8,9.13,10,9.2,30,9.21,10,0.6,6.12,10.4,20,30,10.25,80,10.3,30,10.45,40,,10.4,9.18,,,1452963
TTF,7.02,6.12,6.6,6.54,740,6.55,7640,6.56,200,-0.03,-0.45,6.57,420,405810,6.57,2900,6.58,1060,6.59,5580,6.57,6.63,6.5,40,1970,15201401
TV2,53,46.15,49.6,49.3,170,49.4,160,49.5,70,,,49.6,100,8100,49.65,40,49.7,480,49.75,300,,49.7,48.9,200,490,310280
TVS,22.95,19.95,21,21,70,21.1,600,21.3,50,0.45,2.14,21.45,30,5080,21.45,200,21.5,230,21.55,410,,21.55,20.6,,,2059793
TVT,27.8,24.2,25.9,25,30,25.2,50,25.6,300,0.1,0.39,26,20,90,26,200,26.4,20,26.9,30,,26,24.2,,,1024959
TYA,18.05,15.75,16.95,16.75,10,16.8,1900,16.85,1310,-0.05,-0.29,16.9,400,3230,16.9,1470,16.95,190,17,400,,17.15,16.85,350,,385966
UDC,6.63,5.77,5.9,6,290,6.02,110,6.1,900,0.3,5.08,6.2,20,2230,6.18,20,6.19,590,6.2,160,,6.29,6,,140,1562364
UICD,50.8,44.2,49.5,47.3,10,47.4,20,47.5,10,-2,-4.04,47.5,10,1650,48,320,48.2,200,48.45,70,47.5,49.5,47.5,240,1200,198929
VAF,11.65,10.15,11.6,,,,,10.9,560,-0.7,-6.03,10.9,10,690,11.3,40,11.5,130,11.8,100,,10.9,10.8,,,1845588
VCA,15.3,13.3,14.7,14.2,60,14.25,10,14.3,10,-0.4,-2.72,14.3,20,12490,14.35,110,14.4,100,14.45,300,,14.65,13.7,100,,735780
VCB,106.5,92.7,98.7,98.8,2330,98.9,620,99,500,0.9,0.91,99.6,30,219600,99.6,870,99.7,1640,99.8,1210,99.6,101.1,97.6,29040,3810,24863391
VCF,251.4,218.6,235,232.5,20,233,20,234,20,,,,,,236.5,10,238,10,240,140,,,,,,1285825
VCG,51.2,44.55,48,47.4,20,47.5,10,47.6,50,-0.1,-0.21,47.9,100,30470,47.9,1690,47.95,10,48,7360,,48,47.4,8000,,21219243
VCI,79.7,69.3,73.3,74.2,1690,74.3,240,74.4,110,1.2,1.64,74.5,10,189120,74.5,1340,74.6,660,74.7,3710,74.5,74.9,72.5,5530,350,13021250
VDP,37.85,32.95,35.4,33,10,33.5,30,35,20,,,35.4,10,10,35.4,70,37.4,100,37.8,10,,35.4,35.4,,,782809
VDS,20.25,17.65,18.05,18.65,100,18.7,40,18.75,200,0.9,4.99,18.95,800,99440,18.95,280,19,10360,19.1,360,18.95,19,17.5,4000,,4834570
VGC,31.2,27.2,28,29,2960,29.1,500,29.2,1310,1.2,4.29,29.2,150,34390,29.45,10,29.5,290,29.6,410,,29.6,28.4,580,24000,19161646
VHC,43,37.4,39.8,40,1240,40.05,460,40.1,620,0.4,1.01,40.2,1010,151670,40.2,1330,40.25,1670,40.3,1750,40.2,40.4,39.6,7180,340,14267354
VHM,111.9,97.3,104.4,104.4,9090,104.5,5690,104.6,7970,0.2,0.19,104.6,3000,323770,104.8,160,104.9,1050,105,5110,104.6,105.5,103.2,48960,39760,88360914
VIB,68.8,59.8,63.8,64,800,64.1,3320,64.2,50,0.5,0.78,64.3,1000,79820,64.3,30,64.4,1350,64.5,4100,64.3,64.5,63.5,180,10000,7189
VIC,128.1,111.5,120.3,119,930,119.3,200,119.5,100,-0.5,-0.42,119.8,1520,184740,119.8,1480,121.8,70,121.9,700,119.8,123,119,17230,29120,75527512
VID,11,9.58,10,9.5,110,9.59,10,9.7,10,0.3,3,10.3,50,390,10.3,290,10.4,80,10.55,150,,10.65,10,,,1501063
VIP,8.53,7.43,8,7.96,2030,7.98,1220,7.99,100,-0.02,-0.25,7.98,400,27350,8,4320,8.01,10,8.02,30,,8.1,7.94,,1670,3120753
VIS,20.4,17.8,19.25,18.8,600,18.9,10,19,40,-0.15,-0.78,19.1,30,4600,19.2,330,19.25,80,19.3,80,,19.3,18.8,,,1913858
VIX,28.75,25.05,26.5,26.75,4560,26.8,3010,26.85,2300,0.4,1.51,26.9,2360,516900,26.9,13270,26.95,2270,27,28470,26.9,26.9,26.05,300,,6149663
VJC,119.8,104.2,113,110.7,10,110.8,120,111,590,-1,-0.88,112,400,50190,112,270,112.2,230,112.3,200,112,113,110.5,4850,6570,6155888
VMD,28.65,24.95,25.9,26,600,26.3,10,26.5,50,0.9,3.47,26.8,10,1950,26.8,100,26.9,590,27,740,,27,25.85,,100,732605
VNE,6.74,5.86,6.26,6.27,20,6.28,180,6.29,500,0.04,0.64,6.3,100,15210,6.3,400,6.31,500,6.38,3030,,6.4,6.15,180,240,3859859
VNG,12.75,11.15,11.9,11.8,110,11.85,120,11.9,80,0.05,0.42,11.95,200,22720,11.95,2390,12,670,12.05,450,11.95,11.95,11.7,30,60,4753429
VNL,21.05,18.35,19,18.5,30,18.55,10,18.6,30,0.7,3.68,19.7,30,200,19.7,30,19.8,30,20,160,,19.7,19.1,150,,372349
VNM,97.4,84.8,90.5,90.9,490,91,1820,91.1,1020,0.6,0.66,91.1,400,312220,91.2,10,91.3,1680,91.4,860,91.1,91.7,90.4,65110,17640,94330221
VNS,10.5,9.17,9.85,9.55,200,9.57,300,9.7,10,,,,,,9.84,10,9.85,10,9.9,10,,,,,,1976016
VOS,4.29,3.73,3.99,3.99,6280,4,3230,4.01,2240,0.02,0.5,4.01,10,58560,4.02,230,4.03,7510,4.04,500,,4.14,4,,4680,6620675
VPB,73.4,63.8,67.3,68.3,51030,68.4,30070,68.5,45160,1.3,1.93,68.6,4900,3991210,68.6,32480,68.7,46010,68.8,44180,68.6,68.7,66.9,11500,11500,
VPD,15.3,13.3,14.5,14.1,20,14.25,900,14.3,170,-0.2,-1.38,14.3,430,2010,14.5,900,14.6,200,14.7,10,,14.4,14.3,20,,5218528
VPG,40.95,35.65,38,37.8,250,38,8850,38.05,410,0.3,0.79,38.3,500,29210,38.3,1210,38.4,170,38.5,350,38.3,38.3,37.6,,3180,1851075
VPH,5.41,4.71,5.1,5.03,300,5.04,1060,5.05,80,-0.04,-0.78,5.06,720,13790,5.11,340,5.12,20,5.15,310,,5.12,5,,,3546028
VPI,36.4,31.7,34,33.75,460,33.8,100,33.85,660,0.05,0.15,34.05,190,73460,34.05,210,34.1,300,34.15,390,,34.15,33.8,,200,9734198
VPS,17.35,15.15,16.5,15.9,120,16,100,16.2,70,-0.25,-1.52,16.25,10,3080,16.25,60,16.3,220,16.4,1000,,16.85,16,,400,1181611
VRC,8.46,7.36,8,7.8,1040,7.81,50,7.82,10,-0.09,-1.12,7.91,10,27730,7.91,690,7.93,10,7.94,350,7.91,7.95,7.6,1130,360,2348478
VRE,32.65,28.45,30.75,30.4,5060,30.45,3560,30.5,870,-0.2,-0.65,30.55,40,645640,30.55,110,30.6,220,30.65,1900,30.55,30.7,30,120340,134280,44821409
VSC,54.2,47.2,51.6,50.5,760,50.6,370,50.7,20,-0.9,-1.74,50.7,50,3070,50.9,100,51,600,51.2,100,,52.5,50.7,,170,1661959
VSH,21.2,18.5,19.85,19.7,790,19.75,400,19.85,1260,,,19.85,500,3790,20,20,20.1,560,20.2,190,,20,19.7,,350,8786371
VSI,20.9,18.2,19.55,18.35,20,18.65,10,19,1010,,,19.55,20,740,20,500,20.6,100,,,,19.55,19,,,638414
VTB,12.7,11.1,12,11.8,200,11.85,250,11.9,220,-0.1,-0.83,11.9,20,770,12,800,12.1,80,12.2,100,11.9,12.1,11.9,,,567987
VTO,9.61,8.37,8.9,8.9,570,8.91,490,8.92,460,0.09,1.01,8.99,20,5500,8.99,20,9,2230,9.05,20,,9,8.87,300,,3759903
YBM,7.91,6.89,6.99,6.92,10,6.93,10,7,10,0.41,5.87,7.4,150,3940,7.35,60,7.37,50,7.4,700,,7.4,6.89,,,698971
YEG,22.25,19.35,20.85,20.6,930,20.65,70,20.7,290,-0.05,-0.24,20.8,100,5040,20.85,170,20.95,200,21,310,,21,20.3,340,240,2282456
